TICKER,CURRENT_PRICE,gate,diff_pct_to_m,diff_pct_entry,gain_over_entry,diff_pct_support,p_touch_rw,lowest_m_strike,nearest_neg_dte01_strike,lowest_neg_zone_strike,current_strike,NEXT_EARNINGS_DATE,NEXT_EX_DIV_DATE
IWM,278.01 (-0.41%),FORCED,,1.08,,1.08,,,275.0,275.0,278.0,,
QQQ,739.16 (+0.25%),FORCED,,0.43,,1.78,,,736.0,726.0,739.0,,
SPX,7660.10 (-0.25%),FORCED,,0.13,,2.09,,,7650.0,7500.0,7660.0,,
SPY,762.57 (-0.23%),FORCED,,0.21,,2.3,,,761.0,745.0,763.0,,
VIX,16.55 (+3.18%),FORCED,,3.32,,9.37,,,16.0,15.0,16.5,,
NVDA,228.13 (+0.51%),PASS,0.82,0.28,2.94,21.1,0.963,230.0,227.5,180.0,228.0,2026-11-17,2026-09-09
SRPT,18.40 (-2.25%),PASS,5.98,2.17,2.75,18.48,0.756,19.5,18.0,15.0,18.5,2026-11-04,
PURR,12.27 (+2.94%),PASS,5.95,2.2,2.7,6.28,0.513,13.0,12.0,11.5,12.5,2026-11-16,
MOO,82.86 (-0.80%),PASS,2.58,1.04,2.47,5.87,0.695,85.0,82.0,78.0,83.0,,
ETHE,21.43 (-0.83%),PASS,4.97,2.03,2.45,30.02,0.858,22.5,21.0,15.0,21.5,,
FANG,182.96 (-0.08%),PASS,3.85,1.62,2.38,15.28,0.799,190.0,180.0,155.0,185.0,2026-11-02,2026-08-12
CL,85.60 (-1.32%),PASS,1.64,0.7,2.33,0.7,0.3,87.0,85.0,85.0,86.0,2026-10-30,2026-10-19
MSTR,153.02 (-1.02%),PASS,4.56,1.97,2.31,8.51,0.651,160.0,150.0,140.0,152.5,2026-10-29,
PLTR,186.59 (+0.04%),PASS,1.83,0.85,2.15,24.97,0.932,190.0,185.0,140.0,187.5,2026-11-02,
PM,191.64 (-1.59%),PASS,1.75,0.86,2.05,8.68,0.832,195.0,190.0,175.0,192.5,2026-10-21,2026-10-01
RKLB,69.67 (-0.03%),PASS,4.79,2.39,2.0,13.87,0.743,73.0,68.0,60.0,70.0,2026-11-09,
MGM,31.02 (-1.49%),PASS,6.38,3.29,1.94,3.29,0.34,33.0,30.0,30.0,31.0,2026-10-28,2022-12-07
COIN,185.98 (-1.90%),PASS,6.19,3.22,1.93,32.79,0.841,197.5,180.0,125.0,185.0,2026-10-29,
SOXL,146.73 (+0.59%),PASS,0.87,0.5,1.74,18.22,0.955,148.0,146.0,120.0,146.5,,
UAL,111.09 (-1.51%),PASS,1.71,0.99,1.74,5.49,0.762,113.0,110.0,105.0,111.0,2026-10-21,2008-01-06
DVN,45.87 (-1.20%),PASS,1.37,0.81,1.7,12.8,0.903,46.5,45.5,40.0,46.0,2026-11-04,2026-09-14
CVX,204.37 (+0.03%),PASS,1.53,0.92,1.67,4.58,0.75,207.5,202.5,195.0,205.0,2026-10-30,2026-08-18
FBTC,72.64 (-0.10%),PASS,2.56,1.57,1.63,44.93,0.946,74.5,71.5,40.0,72.5,,
CRWV,86.97 (+1.38%),PASS,3.48,2.27,1.53,19.52,0.849,90.0,85.0,70.0,87.0,2026-11-11,
SMCI,40.83 (+0.12%),PASS,6.54,4.48,1.46,26.52,0.802,43.5,39.0,30.0,41.0,2026-11-03,
DY,270.68 (+0.01%),PASS,10.83,7.64,1.42,7.64,0.414,300.0,250.0,250.0,270.0,2026-11-25,
NVTS,11.62 (-1.02%),PASS,7.57,5.34,1.42,9.64,0.56,12.5,11.0,10.5,11.5,2026-11-02,
FLY,23.26 (+1.27%),PASS,7.48,5.42,1.38,22.61,0.751,25.0,22.0,18.0,23.5,2026-11-11,
CRSP,56.12 (-1.21%),PASS,5.13,3.78,1.36,12.69,0.712,59.0,54.0,49.0,56.0,2026-11-09,
WMT,104.28 (-2.70%),PASS,1.65,1.22,1.35,4.1,0.713,106.0,103.0,100.0,104.0,2026-11-19,2026-12-10
GSK,48.38 (-2.39%),PASS,2.3,1.83,1.26,7.0,0.752,49.5,47.5,45.0,48.5,2026-10-28,2026-08-13
CSCO,107.34 (+0.65%),PASS,1.55,1.25,1.24,4.97,0.763,109.0,106.0,102.0,107.0,2026-11-12,2026-10-01
LNG,268.02 (+0.65%),PASS,3.54,2.99,1.18,14.19,0.801,277.5,260.0,230.0,267.5,2026-10-29,2026-08-09
RIVN,14.96 (-0.20%),PASS,3.58,3.11,1.15,6.45,0.643,15.5,14.5,14.0,15.0,2026-11-03,
WEAT,24.94 (-1.92%),PASS,4.25,3.77,1.13,39.86,0.904,26.0,24.0,15.0,25.0,,
ENSG,174.56 (-1.97%),PASS,5.98,5.47,1.09,28.39,0.826,185.0,165.0,125.0,175.0,2026-11-03,2026-09-29
BULL,6.99 (-2.79%),PASS,7.37,6.94,1.06,28.42,0.794,7.5,6.5,5.0,7.0,2026-11-12,
XOM,162.44 (+0.95%),PASS,1.58,1.5,1.05,10.74,0.872,165.0,160.0,145.0,162.5,2026-10-30,2026-08-16
MNST,41.87 (-0.29%),PASS,4.5,4.45,1.01,10.43,0.698,43.75,40.0,37.5,42.0,2026-11-05,
HOOD,112.52 (-3.20%),PASS,2.2,2.24,0.98,11.13,0.835,115.0,110.0,100.0,113.0,2026-11-04,
CVS,85.78 (-1.62%),PASS,2.01,2.07,0.97,2.07,0.507,87.5,84.0,84.0,86.0,2026-10-28,2026-07-22
EXC,40.53 (-0.62%),PASS,3.63,3.77,0.96,3.77,0.51,42.0,39.0,39.0,41.0,2026-11-03,2026-09-03
MO,67.52 (-2.04%),PASS,0.72,0.76,0.94,7.43,0.912,68.0,67.0,62.5,67.5,2026-10-29,2026-09-14
SOUN,6.02 (+3.08%),PASS,7.97,8.64,0.92,16.94,0.68,6.5,5.5,5.0,6.0,2026-11-05,
ARM,289.16 (-1.37%),PASS,2.88,3.17,0.91,13.54,0.824,297.5,280.0,250.0,290.0,2026-11-04,
MSFT,513.96 (+0.77%),PASS,0.69,0.77,0.9,7.58,0.917,517.5,510.0,475.0,515.0,2026-10-28,2026-11-18
UPST,23.07 (-0.65%),PASS,4.03,4.64,0.87,13.31,0.768,24.0,22.0,20.0,23.0,2026-11-03,
TMF,25.54 (-1.69%),PASS,1.8,2.11,0.85,4.07,0.693,26.0,25.0,24.5,25.5,,
MARA,11.31 (-5.50%),PASS,6.05,7.2,0.84,11.62,0.657,12.0,10.5,10.0,11.5,2026-11-04,
ABBV,260.50 (-0.56%),PASS,1.73,2.11,0.82,11.71,0.871,265.0,255.0,230.0,260.0,2026-10-29,2026-10-14
XLU,39.55 (-0.68%),PASS,1.14,1.39,0.82,3.92,0.775,40.0,39.0,38.0,39.5,,
IONQ,43.93 (-0.11%),PASS,3.57,4.39,0.81,8.95,0.715,45.5,42.0,40.0,44.0,2026-11-04,
META,726.07 (-1.84%),PASS,1.23,1.52,0.81,24.25,0.952,735.0,715.0,550.0,725.0,2026-10-28,2026-09-20
SOXS,33.33 (-0.54%),PASS,8.01,9.99,0.8,9.99,0.555,36.0,30.0,30.0,33.5,,
DRAM,60.13 (-1.52%),PASS,1.45,1.88,0.77,8.53,0.855,61.0,59.0,55.0,60.0,,
ANET,204.25 (+0.36%),PASS,1.59,2.08,0.76,9.43,0.856,207.5,200.0,185.0,205.0,2026-11-03,
QBTS,16.57 (+0.85%),PASS,2.6,3.44,0.75,3.44,0.57,17.0,16.0,16.0,16.5,2026-11-05,
COPP,42.15 (-1.33%),PASS,2.02,2.73,0.74,7.47,0.787,43.0,41.0,39.0,42.0,,
LYFT,15.07 (-0.40%),PASS,2.82,3.81,0.74,13.76,0.83,15.5,14.5,13.0,15.0,2026-11-04,
ALAB,354.50 (-0.52%),PASS,5.08,6.91,0.73,18.19,0.782,372.5,330.0,290.0,355.0,2026-11-03,
KO,86.16 (-0.88%),PASS,0.98,1.34,0.73,10.05,0.911,87.0,85.0,77.5,86.0,2026-10-27,2026-09-14
PR,21.32 (-0.38%),PASS,7.91,10.86,0.73,15.55,0.663,23.0,19.0,18.0,21.0,2026-11-04,2026-09-15
WES,45.16 (-1.27%),PASS,1.87,2.56,0.73,18.06,0.906,46.0,44.0,37.0,45.0,2026-11-03,2026-07-30
SNDK,1735.05 (+0.59%),PASS,1.44,2.02,0.71,13.55,0.904,1760.0,1700.0,1500.0,1735.0,2026-10-29,
AAPL,332.99 (+1.10%),PASS,0.61,0.9,0.68,6.9,0.919,335.0,330.0,310.0,332.5,2026-10-29,2026-08-09
BNTX,98.00 (-0.27%),PASS,2.04,3.06,0.67,13.27,0.867,100.0,95.0,85.0,97.5,2026-11-03,2022-06-01
SYM,42.50 (+1.35%),PASS,2.35,3.53,0.67,11.76,0.833,43.5,41.0,37.5,42.5,2026-11-16,
XRX,3.19 (-0.63%),PASS,25.2,37.4,0.67,53.05,0.678,4.0,2.0,1.5,3.0,2026-10-29,2026-09-29
BSX,43.71 (-0.52%),PASS,1.81,2.77,0.65,8.49,0.824,44.5,42.5,40.0,43.5,2026-10-28,
GOOG,341.72 (+1.01%),PASS,1.69,2.7,0.63,6.36,0.79,347.5,332.5,320.0,342.5,2026-10-28,2026-09-03
SNOW,340.75 (+2.80%),PASS,1.98,3.15,0.63,4.62,0.7,347.5,330.0,325.0,340.0,2026-12-02,
SAIL,20.59 (-1.50%),PASS,9.3,14.99,0.62,39.28,0.809,22.5,17.5,12.5,20.0,2026-09-09,
BP,44.24 (+1.08%),PASS,1.72,2.8,0.61,20.89,0.924,45.0,43.0,35.0,44.0,2026-10-30,2026-08-13
AZO,2824.95 (-1.60%),PASS,0.53,0.88,0.6,17.87,0.971,2840.0,2800.0,2320.0,2820.0,2026-12-08,
NOK,10.12 (-2.08%),PASS,3.7,6.17,0.6,11.11,0.75,10.5,9.5,9.0,10.0,2026-10-22,2026-07-27
UEC,9.46 (+1.72%),PASS,5.76,10.1,0.57,10.1,0.637,10.0,8.5,8.5,9.5,2026-12-08,
OUST,40.50 (+0.85%),PASS,6.17,11.11,0.56,25.93,0.808,43.0,36.0,30.0,40.5,2026-11-03,
PPG,104.29 (-1.57%),PASS,0.68,1.24,0.55,4.11,0.858,105.0,103.0,100.0,104.0,2026-10-27,2026-08-09
EMR,154.88 (-1.34%),PASS,1.69,3.15,0.54,16.07,0.905,157.5,150.0,130.0,155.0,2026-11-04,2026-08-13
FCX,69.96 (-1.17%),PASS,1.49,2.8,0.53,7.09,0.827,71.0,68.0,65.0,70.0,2026-10-22,2026-10-14
ISRG,408.95 (-1.35%),PASS,1.48,2.8,0.53,14.41,0.907,415.0,397.5,350.0,410.0,2026-10-20,
CLSK,12.82 (-3.23%),PASS,5.26,10.33,0.51,25.93,0.831,13.5,11.5,9.5,13.0,2026-11-24,
GEN,21.98 (+5.61%),PASS,4.62,9.03,0.51,22.67,0.831,23.0,20.0,17.0,22.0,2026-11-05,2026-08-16
FSLY,25.67 (+0.75%),PASS,3.23,6.51,0.5,31.83,0.908,26.5,24.0,17.5,25.5,2026-11-04,
TLT,77.67 (-0.58%),PASS,0.43,0.86,0.5,0.86,0.665,78.0,77.0,77.0,77.5,,
CMG,32.01 (+0.20%),PASS,1.55,3.14,0.49,12.51,0.89,32.5,31.0,28.0,32.0,2026-10-28,
HON,210.06 (+0.39%),PASS,1.16,2.41,0.48,4.79,0.805,212.5,205.0,200.0,210.0,2026-10-22,2026-11-12
QS,4.67 (+1.20%),PASS,6.95,14.44,0.48,14.44,0.675,5.0,4.0,4.0,4.5,2026-10-21,
PANW,396.00 (+2.29%),PASS,1.01,2.15,0.47,21.72,0.956,400.0,387.5,310.0,395.0,2026-11-19,
NXPI,233.68 (+0.45%),PASS,2.71,5.85,0.46,14.41,0.842,240.0,220.0,200.0,230.0,2026-10-27,2026-09-15
GUNR,53.39 (-0.49%),PASS,1.14,2.6,0.44,4.48,0.797,54.0,52.0,51.0,53.0,,
TENB,36.77 (+4.00%),PASS,3.35,7.53,0.44,18.41,0.846,38.0,34.0,30.0,37.0,2026-10-28,
BIIB,227.00 (-0.52%),PASS,1.32,3.08,0.43,20.7,0.94,230.0,220.0,180.0,227.5,2026-10-28,
MU,1054.17 (0.00%),PASS,2.21,5.14,0.43,24.11,0.916,1077.5,1000.0,800.0,1055.0,2026-09-30,2026-07-05
U,40.90 (+3.05%),PASS,1.47,3.42,0.43,7.09,0.829,41.5,39.5,38.0,41.0,2026-11-04,
LAMR,144.18 (-1.27%),PASS,4.04,9.83,0.41,9.83,0.709,150.0,130.0,130.0,145.0,2026-11-05,2026-09-20
PLAY,6.42 (-1.69%),PASS,9.03,22.12,0.41,22.12,0.71,7.0,5.0,5.0,6.0,2026-12-08,2020-01-08
GMED,75.34 (-1.04%),PASS,2.87,7.09,0.4,7.09,0.712,77.5,70.0,70.0,75.0,2026-11-05,
KSS,18.45 (+0.76%),PASS,2.98,7.86,0.38,18.7,0.862,19.0,17.0,15.0,18.5,2026-11-24,2026-09-08
DJT,9.10 (-0.44%),PASS,4.4,12.09,0.36,12.09,0.733,9.5,8.0,8.0,9.0,2026-11-06,
TSM,456.50 (-0.16%),PASS,1.31,3.61,0.36,12.38,0.904,462.5,440.0,400.0,457.5,2026-10-15,2026-12-09
ZM,90.95 (+2.73%),PASS,1.15,3.24,0.36,8.74,0.883,92.0,88.0,83.0,91.0,2026-11-24,
UBS,48.73 (-1.33%),PASS,2.6,7.66,0.34,12.79,0.831,50.0,45.0,42.5,47.5,2026-10-28,2026-04-21
NTNX,70.64 (+0.46%),PASS,2.63,7.99,0.33,11.53,0.814,72.5,65.0,62.5,70.0,2026-11-25,
EBAY,106.62 (+0.80%),PASS,1.29,4.33,0.3,4.33,0.77,108.0,102.0,102.0,107.0,2026-11-04,2026-08-27
ELF,100.38 (-0.72%),PASS,1.62,5.35,0.3,5.35,0.768,102.0,95.0,95.0,100.0,2026-11-04,
HIMS,29.93 (+3.80%),PASS,1.9,6.45,0.3,16.47,0.896,30.5,28.0,25.0,30.0,2026-11-09,
FSLR,175.84 (-1.00%),PASS,0.95,3.32,0.29,3.32,0.778,177.5,170.0,170.0,175.0,2026-10-29,
ULTA,548.25 (-0.31%),PASS,1.23,4.24,0.29,6.06,0.831,555.0,525.0,515.0,547.5,2026-12-03,2012-03-15
SPCX,150.84 (+1.10%),PASS,1.1,3.87,0.28,10.5,0.905,152.5,145.0,135.0,150.0,2026-11-03,
MRVL,262.68 (+0.36%),PASS,1.83,6.73,0.27,23.86,0.929,267.5,245.0,200.0,262.5,2026-12-01,2026-10-08
AGX,377.62 (-0.12%),PASS,3.28,12.61,0.26,15.26,0.823,390.0,330.0,320.0,380.0,2026-09-02,2026-10-21
TTMI,121.88 (+0.03%),PASS,2.56,9.74,0.26,30.26,0.922,125.0,110.0,85.0,120.0,2026-11-04,
INBX,101.95 (-4.53%),PASS,2.99,11.73,0.25,31.34,0.913,105.0,90.0,70.0,100.0,2026-11-13,
OKLO,37.02 (-0.24%),PASS,1.31,5.44,0.24,5.44,0.806,37.5,35.0,35.0,37.0,2026-11-10,
W,102.38 (+0.60%),PASS,1.59,7.2,0.22,15.02,0.904,104.0,95.0,87.0,102.0,2026-10-27,
CRSR,13.46 (+0.30%),PASS,11.4,62.87,0.18,62.87,0.846,15.0,5.0,5.0,12.5,2026-11-03,
DDOG,274.14 (+1.97%),PASS,1.22,6.98,0.18,16.1,0.929,277.5,255.0,230.0,275.0,2026-11-05,
TAN,43.38 (+1.24%),PASS,1.42,7.8,0.18,33.16,0.959,44.0,40.0,29.0,43.0,,
VGT,125.83 (+0.66%),PASS,0.83,4.63,0.18,10.59,0.927,126.88,120.0,112.5,126.0,,
AMD,610.75 (+0.69%),PASS,0.29,1.76,0.16,8.31,0.967,612.5,600.0,560.0,610.0,2026-11-03,1995-04-26
EWY,182.46 (-2.31%),PASS,0.3,1.9,0.16,15.05,0.981,183.0,179.0,155.0,182.5,,
GME,24.72 (+3.75%),PASS,1.13,6.96,0.16,13.03,0.92,25.0,23.0,21.5,24.5,2026-12-08,2019-03-13
SBUX,94.45 (-1.54%),PASS,0.58,3.65,0.16,4.71,0.89,95.0,91.0,90.0,94.0,2026-10-28,2026-08-13
SNPS,433.31 (+4.78%),PASS,0.39,2.49,0.16,19.23,0.98,435.0,422.5,350.0,432.5,2026-08-26,
URA,40.15 (-0.47%),PASS,0.87,5.35,0.16,5.35,0.86,40.5,38.0,38.0,40.0,,
CB,326.13 (-2.06%),PASS,1.19,8.01,0.15,8.01,0.871,330.0,300.0,300.0,325.0,2026-10-27,2026-09-10
UMAC,24.47 (-1.84%),PASS,2.17,14.18,0.15,18.27,0.894,25.0,21.0,20.0,24.5,2026-11-05,
CIEN,347.65 (-0.87%),PASS,0.68,5.08,0.13,5.08,0.882,350.0,330.0,330.0,347.5,2026-09-03,
CIBR,103.06 (+1.10%),PASS,0.91,7.83,0.12,12.68,0.933,104.0,95.0,90.0,103.0,,
GM,77.19 (-4.31%),PASS,0.41,4.13,0.1,4.13,0.91,77.5,74.0,74.0,77.0,2026-10-20,2026-09-03
SE,97.50 (-1.28%),PASS,0.51,5.64,0.09,5.64,0.917,98.0,92.0,92.0,97.5,2026-11-10,
NBIS,236.18 (-0.62%),PASS,0.56,6.85,0.08,19.55,0.972,237.5,220.0,190.0,235.0,2026-11-10,
ABT,98.62 (-2.12%),PASS,1.39,,,1.65,0.542,100.0,,97.0,99.0,2026-10-14,2026-10-14
ARWR,66.64 (-1.21%),PASS,5.05,,,13.71,0.731,70.0,,57.5,67.5,2026-11-24,
ASAN,8.56 (+2.43%),PASS,16.82,,,,,10.0,,,7.5,2026-12-02,
BG,106.95 (-1.10%),PASS,2.85,,,,,110.0,,,105.0,2026-11-04,2026-11-16
D,60.56 (-0.19%),PASS,3.19,,,,,62.5,,,60.0,2026-10-30,2026-09-03
DE,674.50 (-1.08%),PASS,1.56,,,3.63,0.7,685.0,,650.0,675.0,2026-11-25,2026-09-29
KN,37.42 (-0.46%),PASS,6.88,,,19.84,0.742,40.0,,30.0,35.0,2026-10-22,
KTOS,42.97 (-0.84%),PASS,1.23,,,6.91,0.849,43.5,,40.0,43.0,2026-11-03,
LAC,2.68 (0.00%),PASS,11.94,,,,,3.0,,,2.5,2026-11-13,
MBOT,1.21 (-3.61%),PASS,23.97,,,58.68,0.71,1.5,,0.5,1.0,,
MCD,231.17 (-1.30%),PASS,0.58,,,,,232.5,,,230.0,2026-11-05,2026-11-30
MDT,86.29 (-0.92%),PASS,0.82,,,,,87.0,,,86.0,2026-11-17,2026-09-24
MOS,21.59 (-3.43%),PASS,1.88,,,7.39,0.797,22.0,,20.0,21.5,2026-11-03,2026-09-09
PEG,67.35 (-0.49%),PASS,3.93,,,3.49,0.47,70.0,,65.0,67.5,2026-11-02,2026-09-08
RSP,208.53 (-0.71%),PASS,0.7,,,,,210.0,,,207.5,,
SQQQ,34.49 (-0.72%),PASS,2.91,,,,,35.5,,,34.5,,
TLRY,3.73 (-5.06%),PASS,7.1,,,,,4.0,,,3.5,2026-10-08,
UMBF,136.37 (-1.39%),PASS,6.33,,,12.0,0.655,145.0,,120.0,135.0,2026-10-27,2026-09-09
UPWK,8.10 (+0.74%),PASS,23.46,,,,,10.0,,,7.5,2026-11-02,
VG,12.63 (+0.80%),PASS,6.85,,,40.64,0.856,13.5,,7.5,12.5,2026-11-09,2026-09-14
WPM,135.28 (-1.23%),PASS,2.75,,,,,139.0,,,135.0,2026-11-05,2026-08-19
