DATE,EVENT
2026-01-09,Jobs Report
2026-01-13,CPI
2026-01-28,FOMC Decision
2026-02-11,Jobs Report
2026-02-13,CPI
2026-03-06,Jobs Report
2026-03-11,CPI
2026-03-18,FOMC Decision (SEP)
2026-04-03,Jobs Report
2026-04-10,CPI
2026-04-29,FOMC Decision
2026-05-08,Jobs Report
2026-05-12,CPI
2026-06-05,Jobs Report
2026-06-10,CPI
2026-06-17,FOMC Decision (SEP)
2026-07-02,Jobs Report
2026-07-14,CPI
2026-07-29,FOMC Decision
2026-08-07,Jobs Report
2026-08-12,CPI
2026-09-04,Jobs Report
2026-09-11,CPI
2026-09-16,FOMC Decision (SEP)
2026-10-02,Jobs Report
2026-10-14,CPI
2026-10-28,FOMC Decision
2026-11-06,Jobs Report
2026-11-10,CPI
2026-12-04,Jobs Report
2026-12-09,FOMC Decision (SEP)
2026-12-10,CPI
