TIMESTAMP,TICKER,IV,CURRENT_PRICE,PERCENT_CHANGE,STATUS,FRONT_EX_MOVE,BACK_EX_MOVE
2026-09-29 17:48:20,A,0.3291,174.5750,-0.10,-,10.222,17.128
2026-09-29 17:48:20,AA,0.512,41.8550,-0.66,-,1.466,2.388
2026-09-29 17:48:20,AAL,0.5231,13.6050,0.67,+,0.538,1.053
2026-09-29 17:48:20,AAOI,0.9404,101.1700,3.98,+,7.188,11.937
2026-09-29 17:48:20,AAP,0.5753,40.0050,-0.10,-,1.576,2.635
2026-09-29 17:48:20,AAPL,0.2684,329.9350,-2.66,-,3.856,6.753
2026-09-29 17:48:20,ABBV,0.291,263.0750,-1.12,-,5.579,9.188
2026-09-29 17:48:20,ABNB,0.4159,157.1200,0.56,+,4.78,7.555
2026-09-29 17:48:20,ABT,0.3012,100.6750,-0.03,-,2.318,3.628
2026-09-29 17:48:20,ACHR,0.7385,5.0850,-2.69,-,0.302,0.46
2026-09-29 17:48:20,ACN,0.5522,177.6100,1.52,+,13.282,16.518
2026-09-29 17:48:20,AD,0.4062,29.4900,1.08,+,2.233,2.66
2026-09-29 17:48:20,ADAM,0,8.0400,-1.00,-,-inf,0.932
2026-09-29 17:48:20,ADBE,0.4183,232.8900,0.94,+,8.129,12.666
2026-09-29 17:48:20,ADP,0.2993,261.7900,0.00,,6.106,10.068
2026-09-29 17:48:20,ADSK,0.434,203.8750,-1.94,-,6.993,11.505
2026-09-29 17:48:20,AEP,0.2383,118.9050,0.93,+,4.644,8.815
2026-09-29 17:48:20,AFRM,0.6243,69.1900,3.11,+,3.25,5.411
2026-09-29 17:48:20,AGX,0.6525,382.5000,6.53,+,42.895,75.68
2026-09-29 17:48:20,AIG,0.2706,74.1900,3.42,+,1.651,2.274
2026-09-29 17:48:20,AKAM,0.6364,108.5150,-0.50,-,5.4,8.175
2026-09-29 17:48:20,ALAB,0.8928,360.0250,1.86,+,25.862,43.125
2026-09-29 17:48:20,ALGN,0.4944,143.8800,-0.68,-,4.89,9.34
2026-09-29 17:48:20,AMAT,0.6253,513.7300,5.19,+,26.004,39.759
2026-09-29 17:48:20,AMD,0.5212,608.4000,-0.05,-,13.36,25.334
2026-09-29 17:48:20,AMGN,0.3002,423.2500,1.32,+,10.087,14.169
2026-09-29 17:48:20,AMR,0.6143,167.1550,-5.43,-,17.287,31.592
2026-09-29 17:48:20,AMZN,0.3721,246.9450,0.21,+,3.441,6.17
2026-09-29 17:48:20,ANET,0.526,203.4450,-1.01,-,7.651,12.373
2026-09-29 17:48:20,ANF,0.5258,135.9550,-0.44,-,6.299,9.676
2026-09-29 17:48:20,APA,0.4764,42.1350,-0.33,-,1.702,2.744
2026-09-29 17:48:20,APH,0.4531,85.1250,-0.33,-,5.938,12.211
2026-09-29 17:48:20,APLD,0.9145,25.4650,3.59,+,1.547,3.706
2026-09-29 17:48:20,APP,0.6603,306.0750,-0.84,-,13.3,22.44
2026-09-29 17:48:20,ARKG,0.5013,54.0350,1.12,+,2.326,3.692
2026-09-29 17:48:20,ARKK,0.3773,89.4850,0.22,+,2.729,4.261
2026-09-29 17:48:20,ARM,0.7732,295.1800,3.65,+,18.902,29.439
2026-09-29 17:48:20,ARWR,0.5518,66.4900,1.21,+,6.003,11.462
2026-09-29 17:48:20,ASAN,0.8367,8.2250,-4.75,-,1.384,1.93
2026-09-29 17:48:20,ASML,0.4981,1832.7750,3.56,+,69.948,111.106
2026-09-29 17:48:20,ASTS,0.8231,59.7250,-2.62,-,3.617,5.985
2026-09-29 17:48:20,ATI,0.5257,185.0900,4.58,+,15.647,31.69
2026-09-29 17:48:20,AVAV,0.6017,143.4800,-2.71,-,7.173,11.854
2026-09-29 17:48:20,AVGO,0.3859,356.1000,1.58,+,5.74,10.597
2026-09-29 17:48:20,AVPT,0.471,13.6000,-0.73,-,1.292,1.732
2026-09-29 17:48:20,AXP,0.2874,305.6500,-0.30,-,6.889,11.141
2026-09-29 17:48:20,AZO,0.3491,2847.7500,-1.28,-,186.064,290.497
2026-09-29 17:48:20,BA,0.3629,193.3500,1.78,+,5.522,8.6
2026-09-29 17:48:20,BABA,0.4288,107.8600,-0.94,-,3.181,5.46
2026-09-29 17:48:20,BAC,0.3054,54.9600,-0.92,-,1.276,1.957
2026-09-29 17:48:20,BBIO,0.5029,67.2750,-0.96,-,5.55,10.277
2026-09-29 17:48:20,BBWI,0.5782,16.0200,-1.24,-,0.662,1.105
2026-09-29 17:48:20,BBY,0.3844,89.3350,-1.29,-,2.983,4.998
2026-09-29 17:48:20,BE,0.8561,293.3750,10.80,+,19.837,31.871
2026-09-29 17:48:20,BG,0.3894,108.14,-0.84,-,6.88,13.124
2026-09-29 17:48:20,BGS,0.4854,3.0700,0.33,+,0.215,0.49
2026-09-29 17:48:20,BIDU,0.4156,86.7150,-0.30,-,2.37,4.031
2026-09-29 17:48:20,BIIB,0.3705,227.0000,-0.71,-,7.279,10.624
2026-09-29 17:48:20,BKNG,0.4353,162.3350,-0.93,-,5.773,8.353
2026-09-29 17:48:20,BLK,0.345,1069.0000,-0.31,-,28.588,45.947
2026-09-29 17:48:20,BMBL,0,2.5700,1.58,+,-inf,0.552
2026-09-29 17:48:20,BMY,0.3349,63.2150,-1.60,-,1.807,2.524
2026-09-29 17:48:20,BNTX,0.4749,99.1000,-0.51,-,7.843,14.47
2026-09-29 17:48:20,BP,0.3511,43.5600,-2.05,-,0.741,1.819
2026-09-29 17:48:20,BSX,0.4327,43.6500,-0.52,-,1.293,2.081
2026-09-29 17:48:20,BULL,0.7747,7.1750,1.70,+,0.358,0.659
2026-09-29 17:48:20,C,0.3441,130.9050,-0.39,-,3.485,5.448
2026-09-29 17:48:20,CAKE,0.4914,107.4100,2.08,+,8.437,16.683
2026-09-29 17:48:20,CAT,0.4065,828.1300,0.82,+,25.706,42.03
2026-09-29 17:48:20,CAVA,0.6365,53.0000,3.02,+,2.397,4.059
2026-09-29 17:48:20,CB,0.2112,332.0400,0.21,+,11.725,21.484
2026-09-29 17:48:20,CBOE,0.4182,261.9200,3.35,+,9.789,14.846
2026-09-29 17:48:20,CCC,0.5986,6.7850,-0.60,-,0.773,1.105
2026-09-29 17:48:20,CCJ,0.4538,87.1000,-0.18,-,3.028,5.043
2026-09-29 17:48:20,CCL,0.4458,25.0400,13.41,+,1.091,1.641
2026-09-29 17:48:20,CDE,0.626,17.8750,-0.17,-,0.827,1.383
2026-09-29 17:48:20,CEG,0.4476,263.50,1.59,+,9.514,14.086
2026-09-29 17:48:20,CELC,0.6495,78.5000,-2.84,-,9.489,14.589
2026-09-29 17:48:20,CELH,0.5897,27.7350,-1.04,-,1.191,1.971
2026-09-29 17:48:20,CGNX,0.5634,59.5250,1.57,+,4.667,11.257
2026-09-29 17:48:20,CHKP,0.4359,127.7750,-1.81,-,9.35,16.991
2026-09-29 17:48:20,CHPT,0.8572,9.4550,8.92,+,1.497,2.461
2026-09-29 17:48:20,CIBR,0.3363,102.2100,0.30,+,5.573,10.687
2026-09-29 17:48:20,CIEN,0.6531,353.8000,3.12,+,19.633,31.741
2026-09-29 17:48:20,CIFR,0.9979,16.6700,-1.37,-,1.306,2.104
2026-09-29 17:48:20,CL,0.2426,86.1800,-0.07,-,1.577,2.658
2026-09-29 17:48:20,CLF,0.682,11.0300,-1.87,-,0.586,0.896
2026-09-29 17:48:20,CLOV,0.7813,4.3250,-0.12,-,0.3,0.442
2026-09-29 17:48:20,CLS,0.7051,367.3850,2.79,+,19.745,31.006
2026-09-29 17:48:20,CLSK,0.8221,13.3300,-0.22,-,0.917,1.419
2026-09-29 17:48:20,CMG,0.4649,31.9500,0.09,+,1.311,2.028
2026-09-29 17:48:20,COHR,0.7657,293.4900,3.46,+,17.993,29.132
2026-09-29 17:48:20,COIN,0.6895,189.6750,-0.92,-,10.55,16.763
2026-09-29 17:48:20,COP,0.3364,125.0500,-0.48,-,3.447,5.727
2026-09-29 17:48:20,COPP,0.3549,42.8000,0.10,+,2.664,4.455
2026-09-29 17:48:20,CORZ,0.7586,16.4350,-1.27,-,0.998,1.543
2026-09-29 17:48:20,COST,0.2021,923.9300,0.18,+,14.665,23.865
2026-09-29 17:48:20,CPSH,1.0509,3.7250,0.27,+,0.841,1.035
2026-09-29 17:48:20,CRDO,0.7894,193.5500,-0.17,-,12.728,20.188
2026-09-29 17:48:20,CRM,0.417,225.1500,-0.86,-,7.89,12.35
2026-09-29 17:48:20,CRML,1.1091,7.3900,-3.53,-,0.575,0.952
2026-09-29 17:48:20,CROX,0.5191,121.6000,0.22,+,9.619,20.648
2026-09-29 17:48:20,CRSP,0.6625,55.2600,3.53,+,3.219,4.637
2026-09-29 17:48:20,CRSR,0.7389,13.6300,-0.30,-,1.663,3.133
2026-09-29 17:48:20,CRWD,0.5685,263.1500,1.35,+,11.91,19.474
2026-09-29 17:48:20,CRWV,0.7909,86.0650,1.01,+,5.317,8.581
2026-09-29 17:48:20,CSCO,0.3751,107.0050,0.19,+,2.636,4.185
2026-09-29 17:48:20,CSIQ,0.7886,11.5500,10.84,+,0.687,1.143
2026-09-29 17:48:20,CSX,0.2501,46.9750,0.36,+,0.795,1.612
2026-09-29 17:48:20,CVS,0.3759,86.9900,-0.85,-,2.8,4.31
2026-09-29 17:48:20,CVX,0.2865,204.2100,-0.96,-,4.61,7.493
2026-09-29 17:48:20,CZR,0.4411,29.6150,0.10,+,0.595,0.669
2026-09-29 17:48:20,D,0.233,60.8400,0.60,+,2.401,4.293
2026-09-29 17:48:20,DAC,0.2615,148.5600,0.78,+,7.118,12.038
2026-09-29 17:48:20,DAL,0.4575,84.8600,1.00,+,2.766,6.382
2026-09-29 17:48:20,DASH,0.5474,187.0500,4.88,+,8.624,12.577
2026-09-29 17:48:20,DAVE,0.769,320.8500,1.79,+,18.755,30.988
2026-09-29 17:48:20,DBX,0.4101,32.4900,2.44,+,1.019,1.613
2026-09-29 17:48:20,DDOG,0.6746,267.9850,-0.05,-,13.686,22.297
2026-09-29 17:48:20,DE,0.311,681.5000,-1.32,-,18.45,29.988
2026-09-29 17:48:20,DECK,0.4588,77.8000,-0.87,-,2.549,3.977
2026-09-29 17:48:20,DELL,0.6251,539.2750,-0.71,-,27.18,43.55
2026-09-29 17:48:20,DG,0.3706,123.3000,-1.39,-,3.547,6.031
2026-09-29 17:48:20,DHR,0.3547,225.0400,-0.54,-,5.941,9.522
2026-09-29 17:48:20,DIA,0.156,513.4950,-0.22,-,3.029,5.653
2026-09-29 17:48:20,DIS,0.2984,105.3000,-0.17,-,2.296,3.588
2026-09-29 17:48:20,DJT,0.7154,9.0950,-0.22,-,0.478,0.746
2026-09-29 17:48:20,DKNG,0.6668,19.6300,-7.42,-,1.023,1.613
2026-09-29 17:48:20,DKS,0.4324,135.0600,0.40,+,5.312,8.658
2026-09-29 17:48:20,DLR,0.3461,176.7850,-0.35,-,4.591,7.692
2026-09-29 17:48:20,DLTR,0.3729,113.7450,-2.34,-,3.791,6.687
2026-09-29 17:48:20,DOCU,0.4774,67.0000,0.00,,2.866,4.449
2026-09-29 17:48:20,DOW,0.4309,27.6250,-1.00,-,0.933,1.376
2026-09-29 17:48:20,DPZ,0.4485,298.9650,3.26,+,26.326,37.92
2026-09-29 17:48:20,DRAM,0.6159,61.3200,2.66,+,1.986,3.427
2026-09-29 17:48:20,DUK,0.2092,114.2300,0.71,+,4.099,7.219
2026-09-29 17:48:20,DVN,0.3829,46.6550,-0.28,-,1.44,2.363
2026-09-29 17:48:20,DY,0.601,271.1200,0.84,+,27.768,49.708
2026-09-29 17:48:20,EAT,0.5271,203.2850,-1.65,-,16.706,33.338
2026-09-29 17:48:20,EBAY,0.3804,105.3250,-1.97,-,3.227,4.227
2026-09-29 17:48:20,ECHO,0.4267,89.7550,0.75,+,2.968,4.849
2026-09-29 17:48:20,EL,0.4526,94.5350,-1.26,-,3.193,5.076
2026-09-29 17:48:20,ELF,0.6402,101.3500,-0.10,-,4.526,7.581
2026-09-29 17:48:20,EMR,0.3093,157.7500,-1.35,-,3.939,4.865
2026-09-29 17:48:20,ENPH,0.714,31.8750,2.98,+,1.576,2.619
2026-09-29 17:48:20,ENSG,0.288,175.0000,-0.47,-,7.622,16.234
2026-09-29 17:48:20,EOG,0.3407,138.8500,-0.69,-,3.854,6.23
2026-09-29 17:48:20,EOSE,1.0993,3.11,1.30,+,0.277,0.44
2026-09-29 17:48:20,EQIX,0.33,1012.5000,0.42,+,51.283,107.119
2026-09-29 17:48:20,ETH,0.4668,25.5950,0.63,+,0.744,1.354
2026-09-29 17:48:20,ETHE,0.483,21.5450,0.65,+,0.759,1.076
2026-09-29 17:48:20,ETN,0.3921,433.6000,0.43,+,13.573,20.615
2026-09-29 17:48:20,ETR,0.2703,99.7650,1.69,+,4.571,8.214
2026-09-29 17:48:20,ETSY,0.5574,69.4600,0.52,+,2.96,4.686
2026-09-29 17:48:20,EWY,0.4713,186.9000,1.92,+,7.301,11.756
2026-09-29 17:48:20,EXPE,0.5344,264.5000,0.79,+,11.966,16.445
2026-09-29 17:48:20,F,0.3783,12.3050,-0.65,-,0.369,0.584
2026-09-29 17:48:20,FANG,0.3786,184.4400,-0.69,-,11.646,21.446
2026-09-29 17:48:20,FBP,0.3894,26.3600,-1.53,-,1.406,3.414
2026-09-29 17:48:20,FBTC,0.3923,72.6050,0.25,+,2.057,3.606
2026-09-29 17:48:20,FCX,0.4851,70.79,-1.63,-,2.761,4.41
2026-09-29 17:48:20,FDX,0.3412,287.2850,-0.75,-,6.964,11.272
2026-09-29 17:48:20,FFIV,0.4468,434.2050,0.58,+,28.751,63.887
2026-09-29 17:48:20,FICO,0.6409,612.6500,-26.52,-,68.938,121.131
2026-09-29 17:48:20,FISV,0.4637,45.4700,-1.43,-,1.392,2.433
2026-09-29 17:48:20,FLY,0.9005,22.9700,-5.18,-,1.554,2.59
2026-09-29 17:48:20,FN,0.6728,422.9500,3.45,+,42.899,93.719
2026-09-29 17:48:20,FSLR,0.563,175.9200,2.29,+,7.489,12.017
2026-09-29 17:48:20,FSLY,0.9889,25.48,2.25,+,1.937,3.156
2026-09-29 17:48:20,FTNT,0.5514,176.0000,-0.21,-,6.891,10.8
2026-09-29 17:48:20,FUBO,0.8671,9.1400,-3.81,-,0.503,0.856
2026-09-29 17:48:20,FUTU,0.4693,113.1250,0.63,+,4.973,6.426
2026-09-29 17:48:20,FXI,0.2486,33.9250,-0.91,-,0.291,0.39
2026-09-29 17:48:20,GD,0.235,332.8950,-0.54,-,5.248,9.349
2026-09-29 17:48:20,GDX,0.431,89.1800,1.34,+,3.173,5.108
2026-09-29 17:48:20,GE,0.3606,318.3100,-0.11,-,8.651,14.151
2026-09-29 17:48:20,GEN,0.5384,20.8650,0.00,,1.882,3.481
2026-09-29 17:48:20,GEV,0.4891,962.0000,1.34,+,36.025,56.283
2026-09-29 17:48:20,GFS,0.6205,48.0800,0.17,+,5.034,9.206
2026-09-29 17:48:20,GH,0.5831,176.1700,0.23,+,15.803,33.627
2026-09-29 17:48:20,GII,0.1688,70.1350,-0.44,-,2.205,3.402
2026-09-29 17:48:20,GILD,0.3096,149.9450,-0.61,-,3.749,5.588
2026-09-29 17:48:20,GIS,0.3431,33.7600,0.65,+,2.125,3.383
2026-09-29 17:48:20,GLD,0.2386,383.0350,1.32,+,0.534,4.193
2026-09-29 17:48:20,GLND,1.6905,4.5500,5.79,+,1.558,2.627
2026-09-29 17:48:20,GLW,0.6296,159.3500,4.70,+,7.899,12.554
2026-09-29 17:48:20,GM,0.3758,80.6000,-0.21,-,2.229,3.545
2026-09-29 17:48:20,GME,0.5493,24.1250,-0.83,-,1.153,1.898
2026-09-29 17:48:20,GMED,0.3706,75.8650,1.22,+,3.574,9.512
2026-09-29 17:48:20,GNR,0,74.6000,-0.79,-,-inf,5.44
2026-09-29 17:48:20,GNRC,0.5588,211.3150,3.42,+,9.399,14.668
2026-09-29 17:48:20,GOLD,0.5235,42.7900,0.07,+,3.264,7.385
2026-09-29 17:48:20,GOOG,0.3493,337.7000,-0.54,-,8.37,14.175
2026-09-29 17:48:20,GOOGL,0.3508,341.2100,-0.53,-,4.763,8.633
2026-09-29 17:48:20,GS,0.3561,915.2450,0.00,,23.03,37.957
2026-09-29 17:48:20,GSK,0.297,49.4250,-0.70,-,0.983,1.595
2026-09-29 17:48:20,GT,0.602,5.0200,-0.40,-,0.452,0.984
2026-09-29 17:48:20,GUNR,0.1775,53.1500,-0.73,-,1.503,2.943
2026-09-29 17:48:20,HACK,0.3501,119.6550,0.29,+,7.397,12.531
2026-09-29 17:48:20,HAL,0.3738,31.5800,-2.74,-,1.071,1.492
2026-09-29 17:48:20,HCC,0.535,88.3750,-4.05,-,7.646,14.833
2026-09-29 17:48:20,HD,0.3077,288.2800,-0.64,-,6.658,11.26
2026-09-29 17:48:20,HIMS,0.8014,28.6950,-0.28,-,1.756,2.72
2026-09-29 17:48:20,HIVE,0.8442,3.0350,-0.99,-,0.175,0.302
2026-09-29 17:48:20,HL,0.6045,17.1450,0.82,+,0.8,1.309
2026-09-29 17:48:20,HNST,0.7317,5.1900,-1.70,-,0.322,1.416
2026-09-29 17:48:20,HON,0.2999,210.9700,-0.66,-,4.034,7.618
2026-09-29 17:48:20,HOOD,0.6656,116.3350,-0.21,-,6.615,10.02
2026-09-29 17:48:20,HPE,0.6334,61.6800,-1.82,-,3.538,5.341
2026-09-29 17:48:20,HPQ,0.4844,30.5250,-1.88,-,1.271,1.974
2026-09-29 17:48:20,HSY,0.3052,162.2450,-1.82,-,3.886,5.931
2026-09-29 17:48:20,HUM,0.7019,390.2000,-0.71,-,28.178,48.615
2026-09-29 17:48:20,HUMA,0,0.5400,-2.65,-,0,0
2026-09-29 17:48:20,IBIT,0.4155,47.2300,0.25,+,0.718,1.342
2026-09-29 17:48:20,IBM,0.3956,220.3250,-0.31,-,5.999,9.584
2026-09-29 17:48:20,IGF,0.1514,62.6400,-0.26,-,1.678,0
2026-09-29 17:48:20,IGV,0.3346,105.0050,-0.20,-,2.783,4.748
2026-09-29 17:48:20,INBX,0.905,102.1250,3.07,+,16.332,29.89
2026-09-29 17:48:20,INTC,0.6633,116.01,-0.09,-,3.206,6.021
2026-09-29 17:48:20,INTU,0.4989,267.8300,-0.51,-,10.774,17.054
2026-09-29 17:48:20,IONQ,0.7873,44.0250,-1.50,-,2.662,4.285
2026-09-29 17:48:20,IREN,0.8411,41.5200,-0.81,-,2.638,4.351
2026-09-29 17:48:20,IRM,0.351,110.00,0.41,+,2.964,4.972
2026-09-29 17:48:20,ISRG,0.3901,410.3900,-0.63,-,11.917,17.309
2026-09-29 17:48:20,ITA,0.2318,210.2050,0.02,+,8.641,14.353
2026-09-29 17:48:20,IWM,0.2188,279.2450,-0.36,-,0.135,2.448
2026-09-29 17:48:20,JBLU,0.7197,4.3000,1.42,+,0.306,0.361
2026-09-29 17:48:20,JD,0.3535,26.3100,-1.16,-,0.549,0.975
2026-09-29 17:48:20,JETS,0.3475,28.5900,0.25,+,0.893,1.465
2026-09-29 17:48:20,JMIA,0.7641,6.7500,0.00,,0.392,0.56
2026-09-29 17:48:20,JNJ,0.278,267.1950,-1.61,-,5.338,8.31
2026-09-29 17:48:20,JPM,0.2847,335.0900,-0.48,-,7.076,11.159
2026-09-29 17:48:20,KHC,0.2923,23.4750,-0.47,-,0.632,0.837
2026-09-29 17:48:20,KMB,0.2441,99.1400,0.22,+,1.673,2.933
2026-09-29 17:48:20,KN,0.4635,37.4250,0.21,+,3.304,4.921
2026-09-29 17:48:20,KO,0.2205,86.9350,-0.39,-,1.4,2.32
2026-09-29 17:48:20,KR,0.2838,60.3950,1.84,+,1.572,2.104
2026-09-29 17:48:20,KSS,0.6186,18.2950,0.77,+,0.9,1.547
2026-09-29 17:48:20,KTOS,0.6312,43.1900,-2.31,-,1.935,3.221
2026-09-29 17:48:20,LAC,0.7792,2.66,-1.87,-,0.145,0.293
2026-09-29 17:48:20,LAMR,0.234,144.0700,0.64,+,4.965,11.095
2026-09-29 17:48:20,LAR,0.8699,5.4350,1.48,+,0.752,1.567
2026-09-29 17:48:20,LCID,0.8758,4.0550,4.36,+,0.307,0.479
2026-09-29 17:48:20,LEN,0.4067,83.1750,1.19,+,2.78,4.423
2026-09-29 17:48:20,LEU,0.7499,139.6700,-1.56,-,16.644,33.32
2026-09-29 17:48:20,LITE,0.7627,975.9950,5.66,+,57.674,96.649
2026-09-29 17:48:20,LLY,0.3741,1182.5000,-0.01,-,32.416,52.704
2026-09-29 17:48:20,LMND,0.6853,44.8000,1.57,+,2.098,3.1
2026-09-29 17:48:20,LMT,0.2907,513.9050,-1.14,-,10.758,18.644
2026-09-29 17:48:20,LNG,0.3644,267.2900,-0.88,-,8.538,13.205
2026-09-29 17:48:20,LOW,0.3173,187.6500,-0.21,-,5.053,7.375
2026-09-29 17:48:20,LRCX,0.6392,324.80,2.99,+,17.321,26.578
2026-09-29 17:48:20,LULU,0.4396,96.9850,-3.69,-,3.522,5.542
2026-09-29 17:48:20,LUNR,0.8811,14.6000,-4.28,-,0.977,1.589
2026-09-29 17:48:20,LVS,0.381,38.32,-1.19,-,1.181,1.922
2026-09-29 17:48:20,LYFT,0.5315,15.0550,1.28,+,0.596,1.079
2026-09-29 17:48:20,M,0.4349,23.2800,1.13,+,0.873,1.37
2026-09-29 17:48:20,MA,0.24,563.4750,-0.82,-,10.117,17.08
2026-09-29 17:48:20,MAGS,0.2275,71.4500,-0.18,-,1.054,2.072
2026-09-29 17:48:20,MAIN,0.227,56.0000,1.58,+,1.949,4.042
2026-09-29 17:48:20,MARA,0.8639,12.0250,-0.99,-,0.828,1.337
2026-09-29 17:48:20,MBOT,0.8597,1.2350,-0.40,-,0.154,0
2026-09-29 17:48:20,MCD,0.2329,234.2100,0.16,+,4.321,6.912
2026-09-29 17:48:20,MDB,0.6266,336.5000,0.75,+,19.382,29.454
2026-09-29 17:48:20,MDGL,0.5035,512.5000,-1.47,-,39.41,82.581
2026-09-29 17:48:20,MDT,0.3501,87.09,-2.69,-,2.074,3.993
2026-09-29 17:48:20,MELI,0.4373,1726.4350,0.73,+,54.839,89.983
2026-09-29 17:48:20,META,0.4406,739.0900,3.24,+,15.376,25.888
2026-09-29 17:48:20,MGM,0.396,31.6700,-1.07,-,2.114,3.822
2026-09-29 17:48:20,MGNI,0.637,25.7550,9.70,+,2.591,5.242
2026-09-29 17:48:20,MMM,0.2913,168.0850,-0.58,-,3.743,5.782
2026-09-29 17:48:20,MNST,0.3114,41.8100,-0.29,-,1.953,4.182
2026-09-29 17:48:20,MO,0.2421,68.6500,-0.59,-,1.392,2.213
2026-09-29 17:48:20,MOG.A,0.4264,390.0000,-0.61,-,27.088,51.511
2026-09-29 17:48:20,MOH,0.5058,188.5000,-0.14,-,15.068,30.545
2026-09-29 17:48:20,MOO,0.1754,82.3550,-1.14,-,2.549,4.272
2026-09-29 17:48:20,MOS,0.4908,22.2550,0.76,+,0.853,1.399
2026-09-29 17:48:20,MP,0.6033,45.4700,-2.20,-,2.027,3.396
2026-09-29 17:48:20,MRK,0.3318,149.3200,0.40,+,3.744,6.042
2026-09-29 17:48:20,MRNA,0.9005,202.3550,3.13,+,13.858,22.761
2026-09-29 17:48:20,MRVL,0.6871,263.7750,4.51,+,13.855,26.342
2026-09-29 17:48:20,MS,0.349,192.9550,-0.45,-,5.004,7.782
2026-09-29 17:48:20,MSFT,0.3212,509.1050,-0.05,-,7.164,12.556
2026-09-29 17:48:20,MSTR,0.7432,155.1200,-1.57,-,9.286,14.819
2026-09-29 17:48:20,MTUM,0.29,316.2850,0.42,+,7.528,12.222
2026-09-29 17:48:20,MU,0.6533,1070.4950,1.05,+,82.766,88.9
2026-09-29 17:48:20,NB,0.799,3.4800,0.58,+,0.25,0.35
2026-09-29 17:48:20,NBIS,0.8798,239.0250,2.36,+,15.782,25.487
2026-09-29 17:48:20,NCLH,0.565,14.8150,3.42,+,0.667,1.046
2026-09-29 17:48:20,NEE,0.25,75.9750,0.53,+,1.55,2.417
2026-09-29 17:48:20,NEM,0.4193,117.1800,0.90,+,3.755,5.969
2026-09-29 17:48:20,NET,0.6673,351.1300,-0.49,-,17.701,29.213
2026-09-29 17:48:20,NFLX,0.4016,70.6100,1.55,+,1.947,3.159
2026-09-29 17:48:20,NIO,0.6569,3.4250,-5.29,-,0.13,0.23
2026-09-29 17:48:20,NKE,0.5283,35.8250,-1.51,-,3.066,3.459
2026-09-29 17:48:20,NOK,0.6339,10.3750,2.37,+,0.498,0.815
2026-09-29 17:48:20,NOW,0.5715,129.5250,-1.15,-,5.82,9.283
2026-09-29 17:48:20,NTAP,0.4699,210.1350,2.33,+,16.679,30.174
2026-09-29 17:48:20,NTNX,0.4003,69.6950,2.02,+,4.782,8.564
2026-09-29 17:48:20,NU,0.5428,12.3450,0.98,+,0.417,0.931
2026-09-29 17:48:20,NUE,0.3932,236.6750,-3.37,-,15.832,28.342
2026-09-29 17:48:20,NVAX,0.8746,10.82,0.19,+,0.724,0.977
2026-09-29 17:48:20,NVDA,0.3804,227.8000,-0.72,-,3.513,6.118
2026-09-29 17:48:20,NVO,0.3736,38.2600,-1.03,-,0.96,1.624
2026-09-29 17:48:20,NVTS,0.8737,11.7550,0.00,,0.826,1.344
2026-09-29 17:48:20,NX,0.4942,19.7350,-1.29,-,1.851,2.641
2026-09-29 17:48:20,NXPI,0.4732,237.9950,0.06,+,18.617,34.699
2026-09-29 17:48:20,NXT,0.6836,80.2450,0.23,+,8.283,17.71
2026-09-29 17:48:20,OKLO,0.7828,37.1750,0.00,,2.227,3.555
2026-09-29 17:48:20,OKTA,0.5845,204.8000,1.34,+,10.217,16.675
2026-09-29 17:48:20,ONDS,0.7823,7.4900,-2.60,-,0.44,0.708
2026-09-29 17:48:20,ONON,0.4791,29.5750,-1.50,-,1.039,1.816
2026-09-29 17:48:20,OPEN,0.9698,2.3750,-2.47,-,0.128,0.317
2026-09-29 17:48:20,ORCL,0.5546,138.50,3.91,+,6.308,10.268
2026-09-29 17:48:20,OSCR,0.7246,29.5250,0.40,+,1.621,2.693
2026-09-29 17:48:20,OSK,0.4159,141.2650,-0.84,-,9.42,16.642
2026-09-29 17:48:20,OUST,0.9704,40.1500,-2.20,-,2.984,4.808
2026-09-29 17:48:20,OXY,0.3587,55.0150,-2.07,-,1.527,2.493
2026-09-29 17:48:20,PANW,0.5654,386.4950,-0.94,-,17.28,28.103
2026-09-29 17:48:20,PATH,0.5836,12.3000,1.07,+,0.609,0.946
2026-09-29 17:48:20,PD,0.6096,15.0100,3.25,+,1.799,2.546
2026-09-29 17:48:20,PDD,0.3659,77.5550,-1.26,-,1.868,3.149
2026-09-29 17:48:20,PDYN,0.8294,5.2250,-1.14,-,0.793,1.304
2026-09-29 17:48:20,PENN,0.4973,14.6400,-4.13,-,1.274,2.193
2026-09-29 17:48:20,PEP,0.2659,128.7000,0.15,+,2.366,5.465
2026-09-29 17:48:20,PFE,0.2644,28.6950,0.00,,0.597,0.874
2026-09-29 17:48:20,PG,0.2206,148.4500,-0.48,-,2.376,3.772
2026-09-29 17:48:20,PH,0.3016,970.37,0.08,+,43.876,94.218
2026-09-29 17:48:20,PINS,0.5662,18.5100,0.71,+,0.716,1.147
2026-09-29 17:48:20,PL,0.7099,16.3550,-2.33,-,0.916,1.511
2026-09-29 17:48:20,PLAY,0.7667,6.5350,1.25,+,0.89,1.513
2026-09-29 17:48:20,PLTR,0.5702,186.9100,-0.27,-,7.117,11.996
2026-09-29 17:48:20,PM,0.3034,193.1750,0.07,+,4.622,7.078
2026-09-29 17:48:20,PNC,0.2923,222.2450,-0.90,-,4.938,7.933
2026-09-29 17:48:20,POOL,0.4337,162.5000,-0.48,-,12.668,20.886
2026-09-29 17:48:20,PPG,0.3181,105.9900,-0.93,-,2.646,4.661
2026-09-29 17:48:20,PPL,0.2325,32.4650,1.46,+,1.266,2.322
2026-09-29 17:48:20,PR,0.4092,21.3500,-0.47,-,1.375,2.743
2026-09-29 17:48:20,PSA,0.2439,286.0750,0.28,+,-inf,11.943
2026-09-29 17:48:20,PSX,0.4556,247.20,-0.51,-,9.289,15.659
2026-09-29 17:48:20,PTON,0.6271,5.0250,5.00,+,0.273,0.369
2026-09-29 17:48:20,PURR,1.0277,11.9750,-1.32,-,0.927,1.603
2026-09-29 17:48:20,PWR,0.43,652.7850,1.15,+,42.056,90.702
2026-09-29 17:48:20,PYPL,0.4215,53.8250,-0.72,-,1.733,2.8
2026-09-29 17:48:20,PZZA,0.6904,20.3750,1.19,+,2.298,4.452
2026-09-29 17:48:20,QBTS,0.787,16.4700,-2.09,-,0.96,1.56
2026-09-29 17:48:20,QCOM,0.5395,184.5100,-1.80,-,7.69,12.548
2026-09-29 17:48:20,QLYS,0.5847,183.2750,2.60,+,17.315,32.59
2026-09-29 17:48:20,QNT,0.8403,48.9150,-0.77,-,6.958,12.91
2026-09-29 17:48:20,QQQ,0.2248,739.0850,0.19,+,0.664,6.413
2026-09-29 17:48:20,QS,0.7521,4.5950,0.66,+,0.295,0.401
2026-09-29 17:48:20,RACE,0.3371,401.0550,1.02,+,10.408,15.287
2026-09-29 17:48:20,RBLX,0.7148,41.2500,-1.62,-,2.063,3.335
2026-09-29 17:48:20,RCL,0.4801,260.8350,7.45,+,9.723,15.585
2026-09-29 17:48:20,RDDT,0.6675,145.8000,1.59,+,6.951,11.558
2026-09-29 17:48:20,REGN,0.3375,764.20,-0.23,-,18.655,28.249
2026-09-29 17:48:20,RELY,0.5959,21.8500,-1.92,-,1.761,4.305
2026-09-29 17:48:20,RIO,0.323,94.8550,-0.26,-,5.255,9.183
2026-09-29 17:48:20,RIOT,0.8399,21.4100,-1.06,-,1.38,2.28
2026-09-29 17:48:20,RIVN,0.6234,15.0100,1.22,+,0.757,1.199
2026-09-29 17:48:20,RKLB,0.7393,69.8700,-3.45,-,3.946,6.367
2026-09-29 17:48:20,RKT,0.6592,11.7300,0.43,+,0.65,1.028
2026-09-29 17:48:20,RL,0.3775,356.2300,-0.35,-,20.627,42.996
2026-09-29 17:48:20,RMBS,0.7507,103.0000,0.98,+,12.495,24.835
2026-09-29 17:48:20,ROK,0.3345,435.6400,0.07,+,21.462,46.667
2026-09-29 17:48:20,ROKU,0.1902,152.1500,-0.35,-,1.875,3.288
2026-09-29 17:48:20,ROST,0.3104,235.00,-1.13,-,5.492,8.891
2026-09-29 17:48:20,RSP,0.1511,209.4900,-0.11,-,5,2.877
2026-09-29 17:48:20,RTX,0.2871,187.1700,-0.38,-,3.87,6.311
2026-09-29 17:48:20,RUN,0.7962,7.7150,0.65,+,0.478,0.737
2026-09-29 17:48:20,RVLV,0.5471,21.4350,0.14,+,1.914,3.645
2026-09-29 17:48:20,S,0.5321,23.2450,2.51,+,1.015,1.733
2026-09-29 17:48:20,SAIL,0.6718,20.6000,0.49,+,2.711,3.934
2026-09-29 17:48:20,SAP,0.4224,209.0050,0.74,+,6.336,10.45
2026-09-29 17:48:20,SBAC,0.2854,162.9850,-0.38,-,6.629,15.206
2026-09-29 17:48:20,SBUX,0.3196,95.4500,0.17,+,2.274,3.385
2026-09-29 17:48:20,SCHD,0.1359,32.8900,-0.48,-,0.25,0.537
2026-09-29 17:48:20,SCHW,0.3845,99.0500,0.81,+,2.643,4.071
2026-09-29 17:48:20,SE,0.5384,98.75,-0.29,-,3.524,6.05
2026-09-29 17:48:20,SERV,0.8804,4.6350,4.51,+,0.309,0.492
2026-09-29 17:48:20,SG,0.8372,8.6000,6.07,+,0.496,0.842
2026-09-29 17:48:20,SHAK,0.5718,57.6250,0.63,+,2.247,3.858
2026-09-29 17:48:20,SHOP,0.6203,147.9000,2.95,+,6.842,11.072
2026-09-29 17:48:20,SIRI,0.3559,25.82,-0.69,-,0.85,1.095
2026-09-29 17:48:20,SLV,0.3968,55.4800,0.96,+,0.968,1.748
2026-09-29 17:48:20,SMCI,0.8019,41.1500,-1.82,-,2.43,3.974
2026-09-29 17:48:20,SMH,0.3576,607.9400,1.15,+,-inf,9.595
2026-09-29 17:48:20,SMR,0.844,7.80,-1.90,-,0.51,0.797
2026-09-29 17:48:20,SNAP,0.7142,5.3350,2.30,+,0.29,0.418
2026-09-29 17:48:20,SNDK,0.7435,1726.6100,0.98,+,106.974,163.876
2026-09-29 17:48:20,SNOW,0.515,331.3750,0.67,+,13.937,22.212
2026-09-29 17:48:20,SNPS,0.4636,415.8200,-0.60,-,21.744,28.585
2026-09-29 17:48:20,SO,0.2179,83.6350,1.34,+,1.463,2.142
2026-09-29 17:48:20,SOFI,0.5371,15.9150,-0.13,-,0.619,1.009
2026-09-29 17:48:20,SONY,0.3607,23.3900,0.17,+,0.532,0.88
2026-09-29 17:48:20,SOUN,0.6866,5.8650,0.17,+,0.322,0.445
2026-09-29 17:48:20,SOXL,1.1642,147.8750,3.31,+,7.495,13.726
2026-09-29 17:48:20,SOXS,1.138,33.0350,-3.40,-,2.961,4.706
2026-09-29 17:48:20,SPCX,0.5184,149.3350,2.59,+,5.802,9.549
2026-09-29 17:48:20,SPGI,0.2913,392.3900,-0.88,-,10.643,15.232
2026-09-29 17:48:20,SPOT,0.4501,496.3400,-0.77,-,16.325,27.15
2026-09-29 17:48:20,SPX,0.1638,7675.4950,-0.17,-,1.512,42.818
2026-09-29 17:48:20,SPXC,0.442,185.5600,0.31,+,11.961,23.877
2026-09-29 17:48:20,SPXL,0.4603,283.94,-0.51,-,9.065,14.998
2026-09-29 17:48:20,SPXS,0.4728,24.5400,0.53,+,0.823,1.268
2026-09-29 17:48:20,SPY,0.1648,764.9150,-0.18,-,0.503,4.599
2026-09-29 17:48:20,SQQQ,0.6058,34.4950,-0.49,-,1.684,2.803
2026-09-29 17:48:20,SRE,0.2915,78.2200,1.68,+,3.962,6.851
2026-09-29 17:48:20,SRPT,0.8313,18.7550,-0.85,-,1.079,1.56
2026-09-29 17:48:20,STRL,0.6959,508.5050,1.32,+,56.798,112.15
2026-09-29 17:48:20,STX,0.7121,913.45,-0.87,-,55.057,83.956
2026-09-29 17:48:20,SYM,0.6325,41.6050,-1.17,-,1.758,3.144
2026-09-29 17:48:20,T,0.2837,24.5250,-1.69,-,0.581,0.93
2026-09-29 17:48:20,TAN,0.4034,44.1850,1.00,+,2.716,5.591
2026-09-29 17:48:20,TAP,0.3621,35.9650,-0.72,-,2.185,4.008
2026-09-29 17:48:20,TDOC,0.6716,5.7400,-2.38,-,0.264,0.391
2026-09-29 17:48:20,TE,1.013,3.78,5.60,+,0.317,0.48
2026-09-29 17:48:20,TEAM,0.7121,174.2550,-1.45,-,8.933,14.888
2026-09-29 17:48:20,TEM,0.7933,82.5100,-2.94,-,5.246,8.437
2026-09-29 17:48:20,TENB,0.6582,35.3050,1.51,+,4.12,6.941
2026-09-29 17:48:20,TER,0.7094,404.0350,0.43,+,21.917,33.89
2026-09-29 17:48:20,TGT,0.3698,156.4300,-1.26,-,4.126,6.77
2026-09-29 17:48:20,TGTX,0.5397,56.19,0.00,,4.634,9.804
2026-09-29 17:48:20,TJX,0.2713,133.8150,2.73,+,2.762,4.413
2026-09-29 17:48:20,TLRY,0.7813,3.9400,-1.74,-,0.149,0.822
2026-09-29 17:48:20,TLT,0.1794,78.3850,-0.50,-,0.852,1.26
2026-09-29 17:48:20,TM,0.2557,186.4900,-0.84,-,7.921,14.692
2026-09-29 17:48:20,TMC,0.8735,3.7600,-3.11,-,0.287,0.377
2026-09-29 17:48:20,TMF,0.5207,26.2200,-1.59,-,1.205,1.76
2026-09-29 17:48:20,TMO,0.3336,680.7300,0.15,+,18.718,30.801
2026-09-29 17:48:20,TMUS,0.342,163.3950,-2.08,-,4.199,6.995
2026-09-29 17:48:20,TNA,0.6173,58.5850,-1.12,-,2.997,4.529
2026-09-29 17:48:20,TQQQ,0.6521,77.7750,0.55,+,2.176,3.772
2026-09-29 17:48:20,TRI,0.4908,95.5550,-1.12,-,8.534,8.194
2026-09-29 17:48:20,TRMB,0.4288,56.7350,-0.30,-,4.173,7.53
2026-09-29 17:48:20,TSCO,0.4477,31.51,-1.75,-,0.906,1.746
2026-09-29 17:48:20,TSLA,0.4542,354.0750,-1.29,-,6.531,13.143
2026-09-29 17:48:20,TSM,0.3693,457.3900,0.90,+,11.751,19.66
2026-09-29 17:48:20,TSN,0.2935,51.0950,0.06,+,2.331,4.744
2026-09-29 17:48:20,TTD,0.774,12.1150,-2.35,-,0.622,0.982
2026-09-29 17:48:20,TTMI,0.8284,123.2550,-1.12,-,16.766,32.545
2026-09-29 17:48:20,TTWO,0.4519,203.4350,0.21,+,6.039,9.908
2026-09-29 17:48:20,TWLO,0.6873,290.78,1.32,+,15.456,24.877
2026-09-29 17:48:20,TXN,0.4449,281.1550,1.21,+,9.168,15.097
2026-09-29 17:48:20,TXRH,0.3266,157.0000,-0.78,-,3.894,5.353
2026-09-29 17:48:20,U,0.655,39.80,-0.35,-,2.073,3.311
2026-09-29 17:48:20,UAL,0.5323,112.6800,1.02,+,4.538,9.171
2026-09-29 17:48:20,UBER,0.3922,69.45,1.76,+,1.965,3.2
2026-09-29 17:48:20,UBS,0.3353,48.7300,0.33,+,2.765,5
2026-09-29 17:48:20,UEC,0.7054,9.3000,0.87,+,0.584,0.839
2026-09-29 17:48:20,ULTA,0.327,548.6900,-0.23,-,16.017,25.743
2026-09-29 17:48:20,UMAC,1.0384,24.80,4.09,+,1.94,3.364
2026-09-29 17:48:20,UMBF,0.2369,131.9400,-1.18,-,5.984,8.781
2026-09-29 17:48:20,UMC,0.6607,24.7400,3.65,+,2.733,5.112
2026-09-29 17:48:20,UNG,0.472,10.3800,-4.08,-,0.155,0.374
2026-09-29 17:48:20,UNH,0.4303,374.3400,-0.76,-,11.367,19.748
2026-09-29 17:48:20,UPS,0.3263,94.0000,-0.34,-,2.011,3.341
2026-09-29 17:48:20,UPST,0.6885,23.1950,0.48,+,1.079,1.853
2026-09-29 17:48:20,UPWK,0.7246,8.05,0.37,+,0.769,2.023
2026-09-29 17:48:20,URA,0.4334,40.0200,-0.22,-,1.248,2.37
2026-09-29 17:48:20,USAR,0.7442,14.1600,-2.36,-,0.732,1.255
2026-09-29 17:48:20,USO,0.5379,143.25,-4.44,-,3.919,6.562
2026-09-29 17:48:20,UUUU,0.7068,11.0150,-0.36,-,0.574,0.885
2026-09-29 17:48:20,V,0.2385,365.88,-0.51,-,6.888,10.847
2026-09-29 17:48:20,VALE,0.4165,13.3350,-2.13,-,0.403,0.781
2026-09-29 17:48:20,VG,0.6609,12.5500,-2.72,-,0.587,1.011
2026-09-29 17:48:20,VGT,0.2549,125.1550,-0.20,-,5.385,9.699
2026-09-29 17:48:20,VIX,0.89,16.04,-0.19,-,0.637,2.101
2026-09-29 17:48:20,VKTX,0.6906,32.0700,-3.69,-,1.917,2.854
2026-09-29 17:48:20,VLO,0.5322,386.7500,-0.47,-,16.601,27.43
2026-09-29 17:48:20,VRNS,0.6133,46.5600,-1.70,-,6.669,6.693
2026-09-29 17:48:20,VRT,0.6014,248.8750,1.76,+,11.805,18.664
2026-09-29 17:48:20,VST,0.4769,141.3950,2.04,+,5.19,8.274
2026-09-29 17:48:20,VZ,0.2556,46.0950,-1.50,-,0.84,1.574
2026-09-29 17:48:20,W,0.6649,101.7500,3.37,+,5.075,8.445
2026-09-29 17:48:20,WDAY,0.5289,187.4500,0.30,+,8.806,13.07
2026-09-29 17:48:20,WDC,0.7333,453.5500,0.06,+,27.186,43.138
2026-09-29 17:48:20,WEAT,0.2555,25.0750,0.32,+,1.168,1.865
2026-09-29 17:48:20,WES,0.2426,46.0000,-0.73,-,1.778,3.382
2026-09-29 17:48:20,WFC,0.3313,80.6850,-0.41,-,2.047,3.13
2026-09-29 17:48:20,WHR,0.659,30.8150,-2.32,-,3.114,6.568
2026-09-29 17:48:20,WM,0.2151,207.7400,0.31,+,6.898,14.126
2026-09-29 17:48:20,WMT,0.2847,106.8500,-1.78,-,2.099,3.458
2026-09-29 17:48:20,WPM,0.476,135.1000,-0.17,-,5.29,8.543
2026-09-29 17:48:20,WRBY,0.8074,27.5400,11.39,+,1.852,2.84
2026-09-29 17:48:20,WULF,0.8462,15.1800,-0.20,-,0.99,1.628
2026-09-29 17:48:20,WYFI,1.0304,18.5450,-1.59,-,3.163,6.225
2026-09-29 17:48:20,WYNN,0.4184,78.25,-2.84,-,2.565,4.827
2026-09-29 17:48:20,XBI,0.3233,157.0300,0.13,+,4.617,6.947
2026-09-29 17:48:20,XLB,0.2192,49.1200,-0.75,-,1.121,0.946
2026-09-29 17:48:20,XLC,0.149,111.6100,0.26,+,2.473,2.185
2026-09-29 17:48:20,XLE,0.2778,61.4650,-0.90,-,1.027,1.51
2026-09-29 17:48:20,XLF,0.2081,53.9900,-0.33,-,0.087,0.598
2026-09-29 17:48:20,XLI,0.1975,168.37,0.21,+,2.083,2.962
2026-09-29 17:48:20,XLP,0.1641,81.6900,-0.52,-,1.062,1.9
2026-09-29 17:48:20,XLRE,0.1871,41.4150,-0.02,-,1.603,2.024
2026-09-29 17:48:20,XLU,0.21,39.7750,1.17,+,0.724,1.039
2026-09-29 17:48:20,XLV,0.1791,170.7600,-0.31,-,2.741,3.257
2026-09-29 17:48:20,XLY,0.1933,109.2700,0.14,+,1.448,2.593
2026-09-29 17:48:20,XOM,0.3091,161.2400,-0.72,-,3.848,6.375
2026-09-29 17:48:20,XOP,0.3315,178.4400,-0.84,-,3.899,7.73
2026-09-29 17:48:20,XRX,0.8985,3.2500,-1.53,-,0.521,0.883
2026-09-29 17:48:20,XYZ,0.4905,74.0000,1.01,+,2.596,4.394
2026-09-29 17:48:20,Z,0.6315,27.3650,-0.36,-,2.849,5.43
2026-09-29 17:48:20,ZBRA,0.4467,377.1100,1.10,+,25.469,54.164
2026-09-29 17:48:20,ZIM,0.4183,28.8250,1.27,+,0.749,1.694
2026-09-29 17:48:20,ZM,0.3936,88.6000,1.21,+,2.91,4.748
2026-09-29 17:48:20,ZS,0.5715,198.5000,-0.52,-,9.209,16.101
